{
  "epochs": [
    1,
    2,
    3,
    4,
    5
  ],
  "train_loss": [
    0.32612419098910717,
    0.2823705516829349,
    0.27032977357359217,
    0.261970329402697,
    0.260652225796539
  ],
  "val_loss": [
    0.0,
    0.0,
    0.0,
    0.0,
    0.0
  ],
  "mean_val_auc": [
    0.4783559231454688,
    0.46309975590523544,
    0.5765024076321595,
    0.6444134117310443,
    0.6943941297569337
  ]
}